[{"model": "orders.productcategory", "pk": 1, "fields": {"name": "Regular Pizza"}}, {"model": "orders.productcategory", "pk": 2, "fields": {"name": "Sicilian Pizza"}}, {"model": "orders.productcategory", "pk": 3, "fields": {"name": "Pasta"}}, {"model": "orders.product", "pk": 1, "fields": {"category": 1, "name": "Cheese"}}, {"model": "orders.product", "pk": 2, "fields": {"category": 1, "name": "1 topping"}}, {"model": "orders.product", "pk": 3, "fields": {"category": 1, "name": "2 toppings"}}, {"model": "orders.product", "pk": 4, "fields": {"category": 1, "name": "3 toppings"}}, {"model": "orders.product", "pk": 5, "fields": {"category": 1, "name": "Special"}}, {"model": "orders.product", "pk": 6, "fields": {"category": 2, "name": "Cheese"}}, {"model": "orders.product", "pk": 7, "fields": {"category": 2, "name": "1 item"}}, {"model": "orders.product", "pk": 8, "fields": {"category": 3, "name": "Baked Ziti w/Mozzarella"}}, {"model": "orders.product", "pk": 9, "fields": {"category": 2, "name": "2 items"}}, {"model": "orders.product", "pk": 10, "fields": {"category": 2, "name": "3 items"}}, {"model": "orders.product", "pk": 11, "fields": {"category": 2, "name": "Special"}}, {"model": "orders.size", "pk": 1, "fields": {"name": "Small"}}, {"model": "orders.size", "pk": 2, "fields": {"name": "Large"}}, {"model": "orders.size", "pk": 3, "fields": {"name": "Unique Size"}}, {"model": "orders.topping", "pk": 1, "fields": {"name": "Pepperoni"}}, {"model": "orders.topping", "pk": 2, "fields": {"name": "Sausage"}}, {"model": "orders.topping", "pk": 3, "fields": {"name": "Mushrooms"}}, {"model": "orders.productvariant", "pk": 1, "fields": {"product": 1, "number_of_toppings": 0}}, {"model": "orders.productvariant", "pk": 2, "fields": {"product": 2, "number_of_toppings": 1}}, {"model": "orders.productvariant", "pk": 3, "fields": {"product": 3, "number_of_toppings": 2}}, {"model": "orders.productvariant", "pk": 4, "fields": {"product": 4, "number_of_toppings": 3}}, {"model": "orders.productvariant", "pk": 5, "fields": {"product": 5, "number_of_toppings": 0}}, {"model": "orders.productvariant", "pk": 6, "fields": {"product": 6, "number_of_toppings": 0}}, {"model": "orders.productvariant", "pk": 7, "fields": {"product": 8, "number_of_toppings": 0}}, {"model": "orders.productvariant", "pk": 9, "fields": {"product": 7, "number_of_toppings": 1}}, {"model": "orders.productvariant", "pk": 10, "fields": {"product": 9, "number_of_toppings": 2}}, {"model": "orders.productvariant", "pk": 11, "fields": {"product": 10, "number_of_toppings": 3}}, {"model": "orders.productvariant", "pk": 13, "fields": {"product": 11, "number_of_toppings": 0}}, {"model": "orders.productvariantprice", "pk": 1, "fields": {"product_variant": 1, "size": 1, "price": "13.95"}}, {"model": "orders.productvariantprice", "pk": 2, "fields": {"product_variant": 2, "size": 1, "price": "15.95"}}, {"model": "orders.productvariantprice", "pk": 3, "fields": {"product_variant": 3, "size": 1, "price": "17.95"}}, {"model": "orders.productvariantprice", "pk": 4, "fields": {"product_variant": 4, "size": 1, "price": "19.95"}}, {"model": "orders.productvariantprice", "pk": 5, "fields": {"product_variant": 5, "size": 1, "price": "21.95"}}, {"model": "orders.productvariantprice", "pk": 6, "fields": {"product_variant": 1, "size": 2, "price": "19.45"}}, {"model": "orders.productvariantprice", "pk": 7, "fields": {"product_variant": 2, "size": 2, "price": "21.45"}}, {"model": "orders.productvariantprice", "pk": 8, "fields": {"product_variant": 3, "size": 2, "price": "23.45"}}, {"model": "orders.productvariantprice", "pk": 9, "fields": {"product_variant": 4, "size": 2, "price": "25.45"}}, {"model": "orders.productvariantprice", "pk": 10, "fields": {"product_variant": 5, "size": 2, "price": "27.45"}}, {"model": "orders.productvariantprice", "pk": 11, "fields": {"product_variant": 7, "size": 3, "price": "9.95"}}, {"model": "orders.productvariantprice", "pk": 12, "fields": {"product_variant": 6, "size": 1, "price": "25.75"}}, {"model": "orders.productvariantprice", "pk": 13, "fields": {"product_variant": 6, "size": 2, "price": "40.75"}}]